City_ID,City,Lat,Lng,Max Temp,Humidity,Cloudiness,Wind Speed,Country,Date
0,cukurca,37.2481,43.6136,61.68,53,90,3.13,TR,1729014604
1,adamstown,-25.066,-130.1015,70.16,85,75,15.66,PN,1729014605
2,edinburgh of the seven seas,-37.0676,-12.3116,54.05,64,8,14.67,SH,1729014606
3,ushuaia,-54.8,-68.3,58.66,25,0,23.02,AR,1729014455
4,aasiaat,68.7098,-52.8699,26.76,91,93,8.37,GL,1729014608
5,tromso,69.6496,18.957,39.22,81,75,12.66,NO,1729014609
6,la trinite,14.7376,-60.9629,89.65,62,20,16.11,MQ,1729014611
7,nicoya,10.1483,-85.452,83.59,73,100,1.81,CR,1729014612
8,waitangi,-43.9535,-176.5597,43.83,82,95,5.99,NZ,1729014613
9,lewiston orchards,46.3804,-116.9754,69.12,62,0,5.75,US,1729014614
10,tura,25.5198,90.2201,69.46,95,4,2.91,IN,1729014616
11,taksimo,56.3444,114.8794,15.78,87,47,1.63,RU,1729014617
12,adrasmon,40.6472,69.9856,39.61,96,100,6.13,TJ,1729014618
13,albany,42.6001,-73.9662,50.45,63,97,3.0,US,1729014341
14,port-aux-francais,-49.35,70.2167,34.75,66,40,38.54,TF,1729014620
15,remire-montjoly,4.9167,-52.2667,95.04,41,100,11.5,GF,1729014621
16,anadyr,64.75,177.4833,30.7,80,75,8.95,RU,1729014623
17,lompoc,34.6391,-120.4579,57.92,98,100,3.44,US,1729014624
18,biala podlaska,52.0324,23.1165,50.92,66,100,7.72,PL,1729014625
19,invercargill,-46.4,168.35,32.31,99,28,4.45,NZ,1729014425
20,hauterive,46.0901,3.4459,65.44,77,80,6.46,FR,1729014627
21,fortuna,40.5982,-124.1573,68.94,79,20,0.0,US,1729014628
22,hamilton,39.1834,-84.5333,51.75,69,100,18.41,US,1729014514
23,ilulissat,69.2167,-51.1,26.62,80,100,18.41,GL,1729014630
24,aroma,15.8167,36.1333,96.13,19,51,6.85,SD,1729014631
25,blackmans bay,-43.0167,147.3167,45.52,80,100,11.74,AU,1729014632
26,saipan,15.1355,145.701,81.3,83,0,0.0,MP,1729014633
27,papatowai,-46.5619,169.4708,41.88,77,61,6.24,NZ,1729014634
28,chonchi,-42.6128,-73.8092,61.12,50,100,3.2,CL,1729014635
29,berezovyy,51.6667,135.7,29.16,63,11,6.29,RU,1729014637
30,cody,44.5263,-109.0565,72.59,25,0,1.01,US,1729014638
31,flying fish cove,-10.4217,105.6791,76.68,88,75,10.36,CX,1729014639
32,bheramara,24.0232,88.9925,77.32,75,3,2.44,BD,1729014640
33,longyearbyen,78.2186,15.6401,37.24,75,40,11.5,SJ,1729014641
34,polyarnyy,69.1989,33.4478,41.56,80,100,22.12,RU,1729014642
35,suomussalmi,64.8869,28.9078,33.19,88,33,9.08,FI,1729014643
36,haiku-pauwela,20.9219,-156.3051,77.25,77,40,17.27,US,1729014644
37,tezu,27.9167,96.1667,70.16,79,97,1.77,IN,1729014645
38,kodiak,57.79,-152.4072,42.31,81,100,9.22,US,1729014646
39,birnin kebbi,12.4539,4.1975,84.96,54,71,7.2,NG,1729014648
40,alaghsas,17.0187,8.0168,96.69,10,0,9.22,NE,1729014650
41,grytviken,-54.2811,-36.5092,37.11,86,42,11.18,GS,1729014651
42,tabas,33.5959,56.9244,80.65,18,2,6.98,IR,1729014652
43,kaspiyskiy,45.3929,47.3707,54.05,56,99,12.71,RU,1729014653
44,whitehorse,60.7161,-135.0538,36.37,87,75,5.75,CA,1729014654
45,wailua homesteads,22.0669,-159.378,77.79,87,40,16.11,US,1729014655
46,popondetta,-8.7537,148.2534,72.48,97,81,2.84,PG,1729014656
47,ola,59.5833,151.2833,41.05,96,100,12.59,RU,1729014657
48,new plymouth,-39.0667,174.0833,48.81,100,45,12.97,NZ,1729014658
49,ribeira grande,38.5167,-28.7,70.2,56,40,17.27,PT,1729014659
50,lebu,-37.6167,-73.65,58.62,62,100,8.79,CL,1729014660
51,puerto natales,-51.7236,-72.4875,50.45,66,75,16.11,CL,1729014661
52,gramsh,40.8697,20.1844,64.74,76,2,3.11,AL,1729014662
53,saint-philippe,-21.3585,55.7679,72.64,87,56,7.38,RE,1729014663
54,shagonar,51.5333,92.8,37.69,55,2,3.42,RU,1729014665
55,arraial do cabo,-22.9661,-42.0278,78.76,53,20,20.71,BR,1729014666
56,bethel,41.3712,-73.414,55.94,52,40,8.05,US,1729014584
57,yellowknife,62.456,-114.3525,41.41,99,100,4.61,CA,1729014623
58,sao jose da coroa grande,-8.8978,-35.1478,80.11,67,85,10.92,BR,1729014669
59,vilyuchinsk,52.9306,158.4028,34.07,81,5,2.37,RU,1729014670
60,buka,40.8108,69.1986,51.01,95,100,5.5,UZ,1729014671
61,howrah,22.5892,88.3103,84.2,79,40,3.44,IN,1729014672
62,luderitz,-26.6481,15.1594,58.42,88,4,1.97,NA,1729014674
63,bilibino,68.0546,166.4372,5.97,99,99,1.97,RU,1729014675
64,turpan,42.9333,89.1667,67.78,31,53,0.83,CN,1729014677
65,smithers,54.7804,-127.1743,43.12,81,20,4.61,CA,1729014679
66,georgetown,5.4112,100.3354,78.73,84,40,5.01,MY,1729014680
67,jodhpur,26.2867,73.03,84.22,23,54,5.7,IN,1729014681
68,shangmei,27.7428,111.2956,67.96,95,100,2.39,CN,1729014683
69,tazovsky,67.4667,78.7,14.25,74,99,11.45,RU,1729014685
70,iqaluit,63.7506,-68.5145,35.33,74,75,16.11,CA,1729014418
71,bikenibeu village,1.3673,173.1241,82.36,74,20,16.11,KI,1729014687
72,port elizabeth,-33.918,25.5701,61.09,69,40,17.27,ZA,1729014688
73,jiuquan,39.7432,98.5174,59.25,26,100,7.11,CN,1729014689
74,noumea,-22.2763,166.4572,68.02,76,98,8.9,NC,1729014690
75,jamestown,42.097,-79.2353,46.04,76,75,17.27,US,1729014606
76,puerto ayora,-0.7393,-90.3518,71.55,94,63,5.01,EC,1729014692
77,cabo san lucas,22.8909,-109.9124,91.71,43,0,8.05,MX,1729014568
78,alofi,-19.0595,-169.9187,69.69,94,97,1.14,NU,1729014695
79,college,64.8569,-147.8028,31.06,86,100,1.01,US,1729014696
80,al jawf,29.5,38.75,81.14,24,0,10.85,SA,1729014697
81,avarua,-21.2078,-159.775,69.85,78,100,3.44,CK,1729014636
82,tazacorte,28.629,-17.9293,74.37,99,40,11.01,ES,1729014699
83,isafjordur,66.0755,-23.124,35.64,80,75,2.3,IS,1729014700
84,kapuskasing,49.4169,-82.4331,39.29,100,100,18.41,CA,1729014482
85,al badari,26.9926,31.4155,83.41,39,0,10.36,EG,1729014702
86,giyani,-23.3025,30.7187,62.08,52,100,11.72,ZA,1729014703
87,booue,-0.0921,11.9385,73.78,95,55,2.86,GA,1729014704
88,bubaque,11.2833,-15.8333,81.14,75,92,2.66,GW,1729014705
89,constantia,44.1833,28.65,57.88,76,4,12.73,RO,1729014706
90,tanout,14.9709,8.8879,93.38,12,25,9.26,NE,1729014707
91,inonu,37.3167,33.7667,62.98,55,100,2.8,TR,1729014708
92,pingshan,22.9938,114.7131,74.71,88,100,2.8,CN,1729014710
93,grande prairie,55.1667,-118.8027,39.38,75,40,5.75,CA,1729014593
94,petropavlovsk-kamchatsky,53.0452,158.6483,32.59,75,0,6.71,RU,1729014712
95,taltal,-25.4,-70.4833,64.35,68,24,4.07,CL,1729014713
96,tympaki,35.0729,24.7685,72.1,60,6,1.99,GR,1729014714
97,vilyuysk,63.7553,121.6247,17.22,97,88,4.92,RU,1729014715
98,la passe,45.5549,-0.8967,69.17,77,92,8.14,FR,1729014716
99,bredasdorp,-34.5322,20.0403,58.08,71,0,23.87,ZA,1729014717
100,vorgashor,67.5833,63.95,23.58,92,100,8.12,RU,1729014718
101,yuci,37.6803,112.7319,53.35,54,0,4.47,CN,1729014719
102,urzhar,47.093,81.6294,48.13,74,100,5.08,KZ,1729014720
103,ghat,24.9647,10.1728,91.94,14,0,9.89,LY,1729014721
104,port lincoln,-34.7333,135.8667,61.38,86,75,2.89,AU,1729014723
105,nuuk,64.1835,-51.7216,32.61,64,20,9.22,GL,1729014627
106,nova vicosa,-17.8919,-39.3719,78.4,69,63,10.25,BR,1729014725
107,ust-nera,64.5667,143.2,12.78,92,100,4.32,RU,1729014726
108,kashary,49.04,41.0056,49.82,89,100,6.51,RU,1729014727
109,santa terezinha,-29.9002,-50.0904,65.26,96,100,11.74,BR,1729014728
110,burang,30.25,81.1667,37.89,75,3,1.52,CN,1729014730
111,tiksi,71.6872,128.8694,4.01,97,67,9.08,RU,1729014731
112,aykhal,66.0,111.5,3.58,96,100,12.73,RU,1729014732
113,maceio,-9.6658,-35.7353,85.44,58,40,13.8,BR,1729014673
114,klyuchi,52.2667,79.1667,31.57,66,98,4.05,RU,1729014734
115,claremont,34.0967,-117.7198,63.09,86,20,3.44,US,1729014735
116,kununurra,-15.7667,128.7333,78.78,83,64,3.44,AU,1729014736
117,hawaiian paradise park,19.5933,-154.9731,75.9,98,24,1.01,US,1729014737
118,sinop,41.7711,34.8709,54.12,94,85,2.84,TR,1729014739
119,helena valley west central,46.6629,-112.0604,71.15,58,0,0.0,US,1729014740
120,ancud,-41.8697,-73.8203,57.74,56,100,2.93,CL,1729014741
121,vadso,70.0744,29.7487,37.56,81,0,10.36,NO,1729014742
122,camarinas,43.1311,-9.1817,65.93,97,100,5.55,ES,1729014743
123,esperanza,19.5847,-70.9849,97.39,32,11,7.18,DO,1729014744
124,cockburn town,21.4612,-71.1419,84.85,70,76,10.94,TC,1729014745
125,west island,-12.1568,96.8225,80.58,83,100,10.36,CC,1729014747
126,al bahah,20.0129,41.4677,70.12,36,45,1.1,SA,1729014748
127,ihosy,-22.4,46.1167,71.94,30,21,12.21,MG,1729014749
128,selkirk,50.1436,-96.8845,45.18,67,18,8.01,CA,1729014750
129,iwon-up,40.3231,128.6553,59.05,78,72,6.89,KP,1729014752
130,thompson,55.7435,-97.8558,41.16,65,75,12.66,CA,1729014753
131,puerto baquerizo moreno,-0.9,-89.6,74.39,83,75,16.11,EC,1729014755
132,lata,40.1629,-8.3327,67.5,47,100,8.81,PT,1729014756
133,masterton,-40.9597,175.6575,38.98,82,69,4.61,NZ,1729014757
134,binefar,41.8488,0.2968,65.17,85,100,9.71,ES,1729014758
135,jindabyne,-36.4167,148.6333,41.58,92,100,1.01,AU,1729014759
136,tikhvin,59.6451,33.5294,42.78,89,100,7.72,RU,1729014760
137,peniche,39.3558,-9.3811,69.21,94,100,18.68,PT,1729014761
138,melfort,52.8667,-104.6177,50.13,53,62,18.41,CA,1729014762
139,wotho,10.1657,166.0102,83.75,77,28,13.8,MH,1729014763
140,san-pedro,4.7485,-6.6363,77.38,91,62,7.72,CI,1729014764
141,sao joao da barra,-21.6403,-41.0511,78.89,67,66,13.51,BR,1729014716
142,pisco,-13.7,-76.2167,66.25,77,75,10.36,PE,1729014767
143,alice springs,-23.7,133.8833,81.95,34,23,8.05,AU,1729014768
144,qaqortoq,60.7167,-46.0333,34.65,84,73,4.25,GL,1729014769
145,igarka,67.4667,86.5833,-4.9,97,11,9.48,RU,1729014770
146,kunashak,55.7032,61.5498,24.93,89,0,4.25,RU,1729014771
147,neratovice,50.2593,14.5176,50.14,72,0,5.75,CZ,1729014772
148,selfoss,63.9331,-20.9971,38.93,87,100,7.99,IS,1729014773
149,buckie,57.6757,-2.9624,55.18,86,99,18.95,GB,1729014774
150,ulsteinvik,62.3432,5.8487,52.7,83,100,10.36,NO,1729014775
151,abhar,36.1468,49.218,58.86,61,0,3.15,IR,1729014776
152,tomatlan,19.9333,-105.25,87.75,62,6,3.56,MX,1729014777
153,crane,31.3974,-102.3501,85.8,17,0,9.62,US,1729014778
154,salinas,36.6777,-121.6555,66.83,85,100,3.44,US,1729014779
155,tual,-5.6667,132.75,81.68,74,96,14.14,ID,1729014622
156,san nicolas,18.1725,120.5953,78.73,81,100,2.71,PH,1729014783
157,hilo,19.7297,-155.09,76.12,95,36,3.0,US,1729014784
158,hadibu,12.65,54.0333,80.11,78,60,6.49,YE,1729014785
159,choibalsan,48.0667,114.5,35.74,66,100,10.29,MN,1729014786
160,soligalich,59.0778,42.2864,41.22,91,100,9.98,RU,1729014787
161,basco,20.4487,121.9702,82.74,74,94,18.43,PH,1729014788
162,stephenville,32.2207,-98.2023,88.14,30,0,5.75,US,1729014647
163,sabang,5.8933,95.3214,83.79,74,100,8.03,ID,1729014790
164,enewetak,11.3474,162.3373,83.66,80,99,18.14,MH,1729014791
165,hermanus,-34.4187,19.2345,60.8,70,0,23.29,ZA,1729014792
166,prainha,-1.8,-53.48,97.14,34,78,6.87,BR,1729014794
167,poronaysk,49.2167,143.1167,53.37,98,100,20.85,RU,1729014795
168,lockwood,45.8191,-108.4149,58.89,44,20,12.66,US,1729014796
169,magadan,59.5667,150.8,39.61,98,100,12.55,RU,1729014797
170,kingston,17.997,-76.7936,90.16,74,20,6.91,JM,1729014704
171,moussoro,13.6408,16.4901,94.86,11,30,7.63,TD,1729014800
172,ta`u,-14.2336,-169.5144,80.42,69,56,18.45,AS,1729014801
173,grivenskaya,45.6473,38.176,54.05,64,17,4.5,RU,1729014802
174,susuman,62.7833,148.1667,21.81,96,100,4.54,RU,1729014803
175,xianning,29.8833,114.2167,69.04,89,100,4.61,CN,1729014804
176,floro,61.5996,5.0328,49.96,76,75,13.8,NO,1729014805
177,plouguerneau,48.6,-4.5,64.9,94,75,10.36,FR,1729014807
178,zavetnoye,47.1194,43.8903,55.45,67,100,16.33,RU,1729014808
179,port alfred,-33.5906,26.891,61.18,68,28,5.99,ZA,1729014809
180,keflavik,64.0049,-22.5624,45.03,93,100,9.22,IS,1729014811
181,olyokminsk,60.3736,120.4264,26.47,80,98,7.96,RU,1729014812
182,ventspils,57.3894,21.5606,48.13,71,20,10.36,LV,1729014813
183,zdolbuniv,50.5206,26.2425,46.51,93,100,7.45,UA,1729014815
184,margaret river,-33.95,115.0667,54.32,78,48,8.21,AU,1729014816
185,draa ben khedda,36.7344,3.9622,77.99,43,100,8.32,DZ,1729014817
186,lucea,18.451,-78.1736,87.66,67,100,12.5,JM,1729014819
187,qamdo,31.1667,97.2333,34.52,99,100,1.45,CN,1729014820
188,sechura,-5.5569,-80.8222,78.22,56,71,13.73,PE,1729014821
189,datong,40.0936,113.2914,50.05,64,43,6.35,CN,1729014823
190,iskateley,67.6803,53.1512,32.54,83,100,13.96,RU,1729014824
191,ust'-kalmanka,52.1207,83.305,29.75,87,97,4.7,RU,1729014825
192,atafu village,-8.5421,-172.5159,82.72,75,32,10.31,TK,1729014826
193,fairbanks,64.8378,-147.7164,31.08,88,100,0.0,US,1729014640
194,santa flavia,38.085,13.5351,74.37,71,10,1.01,IT,1729014828
195,al wajh,26.2455,36.4525,82.35,74,0,4.61,SA,1729014829
196,hastings,50.8552,0.5729,58.98,50,100,19.91,GB,1729014830
197,dudinka,69.4058,86.1778,-2.29,95,7,9.31,RU,1729014831
198,uturoa,-16.7333,-151.4333,75.99,69,4,3.11,PF,1729014832
199,labytnangi,66.6572,66.4183,27.95,98,99,1.1,RU,1729014833
200,talnakh,69.4865,88.3972,-1.48,88,5,4.94,RU,1729014834
201,kailua-kona,19.6406,-155.9956,76.55,82,20,4.61,US,1729014835
202,la paz,-16.5,-68.15,64.38,41,40,11.5,BO,1729014653
203,kuznetsk,53.1167,46.6004,41.32,36,100,9.33,RU,1729014838
204,luwuk,-0.9516,122.7875,73.53,86,98,3.38,ID,1729014839
205,lorengau,-2.0226,147.2712,79.52,87,100,11.61,PG,1729014840
206,kingscliff,-28.2667,153.5667,64.2,88,100,8.05,AU,1729014841
207,sitka,57.0531,-135.33,46.29,76,75,9.22,US,1729014842
208,fort bragg,35.139,-79.006,65.91,45,75,5.75,US,1729014843
209,olonkinbyen,70.9221,-8.7187,29.12,73,98,9.93,SJ,1729014844
210,aripuana,-9.1667,-60.6333,96.94,34,51,2.42,BR,1729014845
211,palmer,42.1584,-72.3287,52.52,51,82,3.0,US,1729014846
212,port mathurin,-19.6833,63.4167,73.78,73,56,16.08,MU,1729014847
213,tsiombe,-25.3,45.4833,70.88,72,0,11.23,MG,1729014848
214,veraval,20.9,70.3667,83.34,79,100,4.7,IN,1729014849
215,kone,-21.0595,164.8658,68.41,84,98,4.27,NC,1729014851
216,pea ridge,38.414,-82.3199,54.37,74,100,5.01,US,1729014852
217,stanley,54.868,-1.6985,51.82,91,75,4.61,GB,1729014853
218,prado,-17.3411,-39.2208,79.88,64,87,11.88,BR,1729014854
219,alpatovo,43.7028,45.2415,58.06,79,100,8.86,RU,1729014855
220,codrington,-38.2667,141.9667,55.02,89,43,7.36,AU,1729014856
221,villa gesell,-37.2639,-56.973,63.43,83,81,10.18,AR,1729014857
222,mahina,-17.5065,-149.489,78.57,69,0,4.61,PF,1729014858
223,nanlong,31.3533,106.0631,69.76,69,30,2.46,CN,1729014859
224,mto wa mbu,-3.35,35.85,82.45,34,40,2.8,TZ,1729014860
225,ridgecrest,35.6225,-117.6709,84.02,14,0,3.0,US,1729014861
226,lihue,21.9789,-159.3672,78.39,83,40,16.11,US,1729014863
227,ambodivoara,-14.3397,49.9826,69.58,96,52,0.98,MG,1729014864
228,skowhegan,44.7651,-69.7192,54.1,59,100,10.07,US,1729014866
229,vikasnagar,30.4683,77.775,70.84,67,0,5.75,IN,1729014867
230,gao,16.6362,1.637,96.46,18,10,5.21,ML,1729014868
231,new norfolk,-42.7826,147.0587,46.71,96,79,3.02,AU,1729014869
232,naze,28.3667,129.4833,76.12,87,84,3.53,JP,1729014870
233,alotau,-10.3069,150.4462,75.22,95,81,3.42,PG,1729014871
234,takum,7.2667,9.9833,76.05,82,99,0.22,NG,1729014872
235,barcelos,41.5388,-8.6151,69.1,73,100,3.96,PT,1729014873
236,bonthe,7.5264,-12.505,79.97,80,51,8.46,SL,1729014874
237,south hedland,-20.4089,118.5983,76.93,78,25,10.36,AU,1729014875
238,altai,46.3722,96.2583,29.34,86,83,0.87,MN,1729014877
239,greymouth,-42.4667,171.2,43.34,75,70,6.33,NZ,1729014878
240,punta arenas,-53.15,-70.9167,55.51,47,20,35.68,CL,1729014761
241,zag,46.9441,99.165,30.92,75,2,5.61,MN,1729014881
242,miyaly,48.8844,53.7836,39.74,35,22,7.38,KZ,1729014882
243,marka,1.7159,44.7717,78.46,89,74,13.65,SO,1729014883
244,alcaniz,41.05,-0.1333,66.6,73,84,13.67,ES,1729014884
245,bardai,11.65,7.2333,79.99,56,62,2.66,NG,1729014885
246,east london,-33.0153,27.9116,59.94,58,40,8.05,ZA,1729014886
247,ar ruseris,11.8659,34.3869,82.76,59,69,6.2,SD,1729014887
248,kedougou,12.5579,-12.1743,91.98,58,20,2.3,SN,1729014888
249,margate,51.3813,1.3862,57.87,89,100,1.99,GB,1729014889
250,udachny,66.4167,112.4,8.6,95,100,20.38,RU,1729014892
251,dongkan,33.9997,119.8308,64.74,90,100,6.87,CN,1729014893
252,uzgen,40.7699,73.3007,52.34,87,100,2.57,KG,1729014894
253,san patricio,28.017,-97.5169,84.15,28,0,5.26,US,1729014895
254,tonj,7.2737,28.6822,79.52,74,98,5.66,SS,1729014896
255,robertsport,6.7533,-11.3686,79.72,81,47,14.14,LR,1729014897
256,sisimiut,66.9395,-53.6735,30.87,73,97,3.18,GL,1729014898
257,isangel,-19.55,169.2667,73.02,90,100,10.54,VU,1729014899
258,hede,33.7681,120.2517,65.84,89,100,7.67,CN,1729014900
259,vacaria,-28.5122,-50.9339,61.93,96,100,5.06,BR,1729014901
260,quesnel,52.9999,-122.5029,37.9,100,100,2.3,CA,1729014902
261,salmon arm,50.6998,-119.3024,51.12,100,100,2.3,CA,1729014903
262,piranshahr,36.701,45.1413,60.22,45,11,6.55,IR,1729014906
263,hotan,37.0997,79.9269,64.29,22,0,5.79,CN,1729014907
264,cacoal,-11.4386,-61.4472,95.61,33,36,7.61,BR,1729014908
265,itamaraju,-17.0392,-39.5311,84.25,49,100,9.66,BR,1729014909
266,soe,-9.8607,124.284,64.51,94,19,3.78,ID,1729014910
267,kaiapoi,-43.3783,172.6401,38.08,92,20,1.14,NZ,1729014911
268,lichinga,-13.3128,35.2406,69.89,64,75,18.41,MZ,1729014912
269,funadhoo,6.15,73.2667,82.51,78,72,13.44,MV,1729014913
270,klaksvik,62.2266,-6.589,49.37,94,100,27.78,FO,1729014914
271,fisterra,42.9049,-9.2629,62.69,97,100,6.6,ES,1729014916
272,namibe,-15.1961,12.1522,71.2,83,52,7.99,AO,1729014918
273,jaguaruna,-28.615,-49.0256,72.39,76,79,9.6,BR,1729014919
274,laojunmiao,39.8333,97.7333,51.44,32,100,3.13,CN,1729014921
275,amboasary,-25.0333,46.3833,72.54,67,9,4.16,MG,1729014922
276,okhotsk,59.3833,143.3,31.51,83,98,8.08,RU,1729014924
277,fort st. john,56.2499,-120.8529,46.29,53,20,11.5,CA,1729014926
278,quincy,42.2529,-71.0023,56.14,56,75,14.97,US,1729014830
279,hobbs,32.7026,-103.136,80.2,20,0,1.01,US,1729014702
280,polavaram,17.2467,81.6439,80.82,93,100,3.67,IN,1729014929
281,kerikeri,-35.2268,173.9474,42.91,91,91,4.09,NZ,1729014930
282,kalachinsk,55.0529,74.5751,33.04,77,99,4.54,RU,1729014931
283,jiagedaqi,50.4167,124.1167,30.2,57,73,4.16,CN,1729014932
284,pauls valley,34.7401,-97.2223,82.71,26,0,16.11,US,1729014934
285,halifax,44.6453,-63.5724,56.48,63,46,11.99,CA,1729014785
286,hailar,49.2,119.7,28.71,52,71,8.21,CN,1729014936
287,thames,-37.1333,175.5333,46.92,87,33,2.75,NZ,1729014937
288,santo antonio,-6.3106,-35.4789,86.49,43,98,16.87,BR,1729014938
289,port saint john's,-31.6229,29.5448,61.14,62,82,5.75,ZA,1729014939
290,khorixas,-20.3667,14.9667,68.22,44,7,13.51,NA,1729014940
291,vorkuta,67.5,64.0,23.97,91,100,8.25,RU,1729014942
292,muisne,0.6,-80.0333,79.0,73,99,10.94,EC,1729014943
293,homer,59.6425,-151.5483,41.77,88,100,0.0,US,1729014944
294,aswan,24.0934,32.907,97.9,13,0,6.91,EG,1729014946
295,neiafu,-18.65,-173.9833,77.68,88,75,9.22,TO,1729014948
296,timaru,-44.4,171.25,42.08,89,38,5.01,NZ,1729014949
297,dengi,9.3667,9.95,75.56,82,88,4.07,NG,1729014950
298,mundri,-6.9558,111.71,79.0,53,100,4.7,ID,1729014951
299,tralee,52.2704,-9.7026,61.05,88,75,11.5,IE,1729014952
300,harstad,68.799,16.5293,37.62,94,61,15.99,NO,1729014953
301,badger,64.8,-147.5333,31.91,92,100,0.0,US,1729014954
302,hammerfest,70.6634,23.6821,39.65,87,75,16.11,NO,1729014955
303,zhalantun,48.0,122.7167,31.95,37,17,2.86,CN,1729014956
304,vila franca do campo,37.7167,-25.4333,70.21,99,27,12.88,PT,1729014957
305,ketchikan,55.3422,-131.6461,46.87,93,100,5.75,US,1729014958
306,severo-yeniseyskiy,60.3725,93.0408,27.68,96,100,11.25,RU,1729014959
307,albertina,-22.2008,-46.6158,88.7,24,98,4.94,BR,1729014960
308,rechka-vydrino,51.485,104.8461,34.61,73,100,5.68,RU,1729014962
309,minas de marcona,-15.2119,-75.1103,69.46,49,12,11.25,PE,1729014963
310,necochea,-38.5473,-58.7368,65.97,70,69,13.0,AR,1729014964
311,malango,-2.9627,119.9001,65.82,99,100,2.42,ID,1729014965
312,tres arroyos,-38.3739,-60.2798,76.21,28,1,16.62,AR,1729014903
313,villa dolores,-31.9459,-65.1896,85.68,33,10,3.0,AR,1729014967
314,ts'nori,41.6209,45.9694,60.55,85,89,2.35,GE,1729014968
315,yuzhno-kurilsk,44.0306,145.8556,60.73,95,100,20.6,RU,1729014969
316,preobrazheniye,42.9019,133.9064,43.03,63,9,6.93,RU,1729014971
317,vega de alatorre,20.0333,-96.6333,82.58,58,4,10.11,MX,1729014972
318,strezhevoy,60.7333,77.5889,30.79,93,98,6.13,RU,1729014973
319,noyabrsk,63.1994,75.4507,32.05,98,99,6.13,RU,1729014975
320,yekaterinovka,52.0508,44.3451,37.22,78,100,11.36,RU,1729014976
321,puerto maldonado,-12.6,-69.1833,95.4,49,20,9.22,PE,1729014977
322,luancheng,37.8792,114.6517,62.31,62,100,5.23,CN,1729014978
323,pariaman,-0.619,100.12,75.25,81,99,9.1,ID,1729014979
324,sandnessjoen,66.0217,12.6316,48.31,87,75,14.97,NO,1729014980
325,geraldton,-28.7667,114.6,54.01,94,20,8.05,AU,1729014802
326,barra de santo antonio,-9.4047,-35.5072,79.59,69,81,10.94,BR,1729014983
327,nyaunglebin,17.95,96.7333,76.48,91,58,0.31,MM,1729014984
328,shar,49.5886,81.0453,33.3,65,38,6.04,KZ,1729014985
329,acapulco de juarez,16.8634,-99.8901,80.19,72,49,5.73,MX,1729014963
330,cidreira,-30.1811,-50.2056,65.12,96,100,13.56,BR,1729014988
331,kiunga,-6.1219,141.2906,72.66,100,99,2.35,PG,1729014989
332,luau,-10.7073,22.2247,66.24,81,91,3.51,AO,1729014990
333,calatayud,41.3535,-1.6432,66.24,64,57,11.36,ES,1729014992
334,irondequoit,43.2134,-77.5797,50.09,72,40,12.66,US,1729014798
335,sines,37.9562,-8.8698,67.28,79,99,21.99,PT,1729014994
336,bathsheba,13.2167,-59.5167,88.41,66,20,13.8,BB,1729014995
337,radhanpur,23.8333,71.6,88.12,56,99,4.81,IN,1729014996
338,zhanaozen,43.3,52.8,46.58,23,75,10.18,KZ,1729014997
339,utrik,11.2278,169.8474,83.41,80,100,18.03,MH,1729014998
340,belyy yar,53.6039,91.3903,21.09,100,64,0.0,RU,1729015000
341,nar'yan-mar,67.6713,53.087,32.5,83,100,13.98,RU,1729015002
342,ust'-kulom,61.6864,53.6902,33.85,69,32,7.0,RU,1729015003
343,guiberoua,6.2392,-6.1727,77.67,82,98,3.13,CI,1729015004
344,posse,-14.0931,-46.3694,71.02,85,88,12.44,BR,1729015005
345,langepas,61.2544,75.2124,31.55,86,92,5.99,RU,1729015006
346,ugoofaaru,5.6667,73.0,81.93,82,68,12.03,MV,1729015007
347,plettenberg bay,-34.0527,23.3716,58.69,67,0,19.15,ZA,1729015008
348,aioun,16.6614,-9.6149,98.38,19,33,6.44,MR,1729015009
349,vernon,50.2581,-119.2691,51.33,93,100,1.14,CA,1729015010
350,qarazhal,48.0078,70.7903,42.67,68,100,10.4,KZ,1729015012
351,gangkofen,48.4333,12.5667,52.16,94,100,7.31,DE,1729015013
352,tarakan,3.3,117.6333,81.48,76,19,1.16,ID,1729015014
353,alindao,5.0267,21.2088,70.54,98,100,2.82,CF,1729015015
354,mercedes,-34.6515,-59.4307,79.95,37,3,9.84,AR,1729015016
355,belmonte,-15.8631,-38.8828,76.23,80,100,10.07,BR,1729015017
356,el porvenir,13.7617,-87.3458,86.45,60,89,4.52,HN,1729015018
357,afaahiti,-17.75,-149.2833,73.31,77,20,5.35,PF,1729015019
358,manay,7.215,126.5397,76.06,87,39,4.27,PH,1729015020
359,camana,-16.6228,-72.7111,67.6,72,3,7.56,PE,1729015021
360,salaqi,40.5414,110.5108,52.68,60,89,4.54,CN,1729014799
361,joshimath,30.5667,79.5667,53.26,60,9,2.48,IN,1729015023
362,bokani,9.4333,5.2,79.66,76,69,2.66,NG,1729015025
363,huarmey,-10.0681,-78.1522,69.4,74,37,9.48,PE,1729014753
364,formosa do rio preto,-11.0483,-45.1931,95.18,28,75,7.67,BR,1729015027
365,zhongshan,21.3226,110.5829,77.14,88,5,9.89,CN,1729015028
366,askoy,60.4092,5.226,50.29,71,75,17.27,NO,1729015029
367,shiqian,27.5225,108.2281,64.63,90,73,1.59,CN,1729015030
368,tapiramuta,-11.8472,-40.7914,75.45,69,91,10.83,BR,1729015031
369,swakopmund,-22.6833,14.5333,58.98,78,33,5.01,NA,1729015032
370,cayiralan,39.3028,35.6439,54.39,66,13,5.7,TR,1729015033
371,amga,60.8953,131.9608,13.42,96,100,3.09,RU,1729015034
372,bintulu,3.1667,113.0333,77.41,94,40,3.44,MY,1729015035
373,olovyannaya,50.95,115.5667,29.25,57,100,5.14,RU,1729015037
374,colonia,50.9333,6.95,54.95,84,100,6.91,DE,1729014891
375,dhidhdhoo,6.8833,73.1,82.45,77,96,12.59,MV,1729015039
376,kismayo,-0.3582,42.5454,78.04,85,45,12.97,SO,1729015040
377,hami,42.8,93.45,63.39,27,58,3.2,CN,1729015041
378,ankang,32.68,109.0172,64.54,66,0,3.06,CN,1729015042
379,dakhla,23.6848,-15.958,73.42,73,19,11.5,EH,1729015043
380,san antonio de pale,-1.4014,5.6325,78.51,77,42,10.51,GQ,1729015044
381,loa janan,-0.583,117.095,73.56,99,49,2.64,ID,1729015045
382,korla,41.7597,86.1469,63.55,33,43,5.01,CN,1729015046
383,woolgoolga,-30.1106,153.2007,58.87,82,100,7.96,AU,1729015047
384,zaozersk,69.4005,32.4476,37.45,83,81,10.0,RU,1729015049
385,aden,12.7794,45.0367,87.58,74,52,2.84,YE,1729015050
386,pago pago,-14.2781,-170.7025,79.75,74,77,19.08,AS,1729015051
387,bom jesus,-9.0744,-44.3586,97.2,28,98,4.7,BR,1729015052
388,kamaishi,39.2667,141.8833,65.75,92,96,8.99,JP,1729015053
389,that phanom,16.9364,104.7104,75.34,85,93,5.79,TH,1729015054
390,al bardiyah,31.7561,25.0865,73.02,66,88,6.76,LY,1729015055
391,kotwa,25.0167,81.3167,77.97,49,57,0.47,IN,1729015056
392,kwaksan,39.6875,125.0828,46.94,56,0,6.46,KP,1729015057
393,aginskoye,51.1,114.53,27.18,57,82,5.99,RU,1729015058
394,amberieu-en-bugey,45.9589,5.3432,67.77,85,96,4.85,FR,1729015059
395,kuta,-8.7233,115.1723,78.75,94,20,1.14,ID,1729015060
396,kalemie,-5.9475,29.1947,75.78,71,98,4.85,CD,1729015061
397,mutuali,-14.8706,37.0044,78.13,55,55,9.6,MZ,1729015063
398,domerat,46.3606,2.5343,68.27,89,94,8.05,FR,1729015064
399,angaur state,6.906,134.13,83.48,76,88,5.28,PW,1729015065
400,jamaame,0.0697,42.745,77.47,87,50,10.54,SO,1729015066
401,coahuayana de hidalgo,18.7,-103.6583,88.86,57,5,3.91,MX,1729015067
402,yinchuan,38.4681,106.2731,63.77,60,97,2.91,CN,1729015068
403,opuwo,-18.0607,13.84,75.06,45,44,18.25,NA,1729015069
404,puerto deseado,-47.7503,-65.8938,66.76,24,76,18.48,AR,1729015070
405,saldanha,-33.0117,17.9442,69.85,74,1,12.75,ZA,1729015071
406,nova xavantina,-14.6667,-52.35,98.71,30,99,6.04,BR,1729015072
407,santa elena de uairen,4.6167,-61.1333,85.77,37,46,10.63,VE,1729015073
408,sao luiz gonzaga,-28.4083,-54.9608,71.55,88,100,5.59,BR,1729015074
409,canon city,38.441,-105.2424,75.36,23,0,12.66,US,1729015075
410,byron bay,-28.65,153.6167,60.94,87,78,6.29,AU,1729015076
411,coquimbo,-29.9533,-71.3436,62.98,63,75,13.8,CL,1729014800
412,sinabang,2.4803,96.3801,80.2,78,100,3.76,ID,1729015079
413,plock,52.5468,19.7064,46.67,67,41,5.06,PL,1729015080
414,chibougamau,49.9168,-74.3659,38.82,65,75,18.41,CA,1729014959
415,ilfracombe,51.2093,-4.1134,60.85,94,100,1.99,GB,1729015082
416,calvinia,-31.4707,19.776,69.55,11,4,7.63,ZA,1729015084
417,morant bay,17.8815,-76.4093,86.86,69,61,11.45,JM,1729015085
418,lazaro cardenas,17.9583,-102.2,84.94,69,10,4.47,MX,1729014967
419,santa cruz,-17.8,-63.1667,91.45,55,87,19.57,BO,1729014818
420,kirakira,-10.4544,161.9205,78.6,88,68,7.0,SB,1729015088
421,tobruk,32.0836,23.9764,73.54,67,53,6.91,LY,1729015089
422,manggar,-2.8833,108.2667,80.42,79,63,3.83,ID,1729015091
423,sierra grande,-41.606,-65.3557,73.85,27,24,13.42,AR,1729015092
424,zhigalovo,54.8097,105.1578,24.84,91,97,6.02,RU,1729015093
425,alik ghund,30.4896,67.5226,58.39,22,2,3.76,PK,1729015094
426,souran,35.2916,36.7488,74.89,57,7,5.17,SY,1729015095
427,kolonia,50.9333,6.95,54.95,84,100,6.91,DE,1729014891
428,kutum,14.2,24.6667,83.25,26,2,4.16,SD,1729015097
429,sanctuary point,-35.1114,150.629,49.66,76,100,5.68,AU,1729015098
430,tosontsengel,48.7567,98.2839,22.46,97,83,1.79,MN,1729015099
431,guatire,10.4762,-66.5427,90.41,45,100,2.35,VE,1729015100
432,taroa,8.7058,171.2275,84.34,76,72,15.59,MH,1729015101
433,dubrovnik,42.6481,18.0922,65.84,72,0,6.91,HR,1729014942
434,bocaiuva,-17.1078,-43.815,88.92,30,69,5.79,BR,1729015104
435,villanueva,15.3167,-88.0,87.75,62,40,6.91,HN,1729014959
436,poso,-1.3959,120.7524,77.27,92,90,4.43,ID,1729015106
437,coari,-4.085,-63.1414,97.21,33,99,2.62,BR,1729015107
438,suntar,62.1444,117.6319,26.11,93,96,8.79,RU,1729015108
439,rongelap,11.1635,166.8941,83.48,80,62,18.61,MH,1729015109
440,tarma,-11.4197,-75.6908,58.15,41,22,15.08,PE,1729015110
441,san andres,12.5847,-81.7006,84.22,79,20,12.66,CO,1729015111
442,portoferraio,42.8115,10.3146,72.97,82,34,13.18,IT,1729015112
443,tete,-16.1564,33.5867,80.69,61,75,6.91,MZ,1729015113
444,lai chau,22.3997,103.4517,62.87,98,75,2.64,VN,1729015114
445,kenai,60.5544,-151.2583,28.45,100,0,5.75,US,1729015116
446,madaoua,14.073,5.96,95.31,19,50,6.4,NE,1729015117
447,charata,-27.2144,-61.188,86.5,58,86,15.17,AR,1729015118
448,mount isa,-20.7333,139.5,64.17,82,0,2.3,AU,1729015119
449,donaghadee,54.6333,-5.5333,57.13,97,100,4.0,GB,1729015120
450,posto fiscal rolim de moura,-13.0833,-62.2667,105.3,22,51,5.57,BR,1729014944
451,weno,7.4515,151.8468,83.73,75,80,8.16,FM,1729015123
452,la cruz,23.9167,-106.9,87.71,59,0,6.96,MX,1729015124
453,pokhara,28.2333,83.9833,60.89,88,0,5.39,NP,1729015125
454,cholpon-ata,42.6494,77.0823,51.12,80,100,3.53,KG,1729015126
455,north branch,45.5113,-92.9802,50.13,58,10,5.01,US,1729015127
456,malacca,2.196,102.2405,78.84,94,20,1.14,MY,1729015128
457,viveiro,43.6623,-7.5934,64.24,96,100,3.18,ES,1729015130
458,al kharijah,25.4514,30.5464,83.08,41,0,11.39,EG,1729015131
459,ulricehamn,57.7916,13.4142,40.28,87,42,2.13,SE,1729015132
460,jurm,36.8648,70.8342,54.81,51,55,4.16,AF,1729015133
461,tangalle,6.024,80.7911,77.09,91,100,9.95,LK,1729015134
462,fort mcmurray,56.7268,-111.381,53.19,62,100,12.66,CA,1729015135
463,kristiansund,63.1115,7.732,50.13,66,0,3.44,NO,1729015137
464,dharmavaram,14.4333,77.7167,72.23,94,100,0.72,IN,1729015138
465,imbituba,-28.24,-48.6703,69.28,79,90,16.71,BR,1729015139
466,port moresby,-9.4431,147.1797,76.42,94,20,6.91,PG,1729015140
467,galle,6.0367,80.217,82.92,84,100,14.25,LK,1729015141
468,babayevo,59.3936,35.9371,40.66,96,100,8.1,RU,1729015143
469,baijiantan,45.6333,85.1833,55.54,47,100,3.65,CN,1729015144
470,happy valley-goose bay,53.3168,-60.3315,37.71,93,100,19.57,CA,1729015145
471,sawakin,19.1059,37.3321,86.94,55,5,4.68,SD,1729015146
472,prince george,53.9166,-122.753,36.84,100,100,2.3,CA,1729015147
473,nikolayevsk-on-amure,53.1406,140.73,37.96,98,100,5.06,RU,1729015149
474,chernyshevskiy,63.0128,112.4714,16.43,66,100,7.63,RU,1729015150
475,alice town,25.7167,-79.3,80.44,60,91,3.6,BS,1729015151
476,balqash,46.8481,74.995,44.17,73,2,11.43,KZ,1729015152
477,palikir - national government center,6.9248,158.1611,75.94,100,100,3.44,FM,1729014870
478,salem,11.65,78.1667,74.55,91,100,1.36,IN,1729015077
479,gudlavalleru,16.3476,81.0534,77.11,92,100,5.61,IN,1729015156
480,tolanaro,-25.0319,46.9987,73.47,94,75,2.3,MG,1729015157
481,valparaiso,-33.0393,-71.6273,71.83,59,0,11.5,CL,1729015158
482,orchard homes,46.8633,-114.0484,50.14,66,0,3.44,US,1729015159
483,al kharj,24.155,47.3346,86.58,21,2,9.08,SA,1729015160
484,cherepanovo,54.2222,83.381,28.44,72,93,4.65,RU,1729015161
485,al bawiti,28.3492,28.8659,76.28,42,0,7.63,EG,1729015162
486,mana,5.6592,-53.7767,85.84,61,54,9.57,GF,1729015164
487,san pedro pochutla,15.7333,-96.4667,89.71,62,6,4.54,MX,1729015165
488,malpica,43.3228,-8.8105,67.24,100,100,3.0,ES,1729015166
489,salalah,17.0151,54.0924,80.74,75,8,5.53,OM,1729015167
490,westport,41.1415,-73.3579,57.65,49,0,8.05,US,1729014964
491,nurota,40.5614,65.6886,42.48,55,65,7.47,UZ,1729015170
492,katsuura,35.1333,140.3,74.3,73,74,13.82,JP,1729015171
493,mazagao,-0.115,-51.2894,96.37,35,93,6.46,BR,1729015172
494,morococha,-11.5997,-76.1411,49.86,37,67,9.82,PE,1729015173
495,forster,-32.1667,152.5167,54.37,97,83,4.23,AU,1729015174
496,mossendjo,-2.9506,12.7261,70.72,98,96,3.22,CG,1729015175
497,thulamahashi,-24.7246,31.1994,61.21,50,99,8.88,ZA,1729015176
498,toliara,-23.35,43.6667,74.01,73,4,10.07,MG,1729015177
499,antofagasta,-23.65,-70.4,65.48,71,9,8.28,CL,1729015006
500,guerrero negro,27.9769,-114.0611,71.24,62,80,13.91,MX,1729015180
501,taoudenni,22.6783,-3.9836,99.84,10,15,5.99,ML,1729015181
502,kenora,49.8167,-94.4337,41.97,75,75,4.61,CA,1729015183
503,hasaki,35.7333,140.8333,74.41,72,100,11.9,JP,1729015184
504,freeport,40.6576,-73.5832,58.3,51,42,8.99,US,1729015185
505,onguday,50.75,86.15,26.69,92,75,1.99,RU,1729015187
506,gadzhiyevo,69.2551,33.3362,41.49,78,100,20.38,RU,1729015188
507,mejit,10.2753,170.8646,83.8,79,82,16.51,MH,1729015189
508,mammoth lakes,37.6485,-118.9721,58.8,25,0,6.91,US,1729015190
509,ke-macina,13.9623,-5.3572,91.49,40,9,5.7,ML,1729015191
510,bodo,67.28,14.405,43.77,76,75,13.8,NO,1729015193
511,puerto san jose,13.9256,-90.8244,84.78,70,74,5.37,GT,1729014955
512,itacare,-14.2775,-38.9967,73.2,93,100,13.73,BR,1729015196
513,slave lake,55.2834,-114.769,49.98,50,100,9.22,CA,1729015197
514,mangai,-4.05,19.5333,76.75,73,94,2.3,CD,1729015158
515,isla cristina,37.2,-7.3167,67.41,91,100,26.06,ES,1729015097
516,banff,51.1762,-115.5698,52.18,58,60,5.75,CA,1729014975
517,fort frances,48.5999,-93.4003,45.05,71,40,3.44,CA,1729015202
518,yicheng,31.3705,119.8703,67.3,90,100,7.16,CN,1729015203
519,santa maria del oro,25.9333,-105.3667,77.94,18,0,2.13,MX,1729015204
520,anupgarh,29.1911,73.2086,87.1,16,74,8.97,IN,1729015205
521,qandala,11.472,49.8728,85.86,46,99,3.76,SO,1729015206
522,turi,40.9173,17.0212,67.28,70,0,8.05,IT,1729015207
523,yangjiang,21.85,111.9667,74.08,85,3,3.89,CN,1729015208
524,luanda,-8.8368,13.2343,80.6,74,0,14.97,AO,1729015074
525,bogo,11.0517,124.0055,79.0,85,71,2.21,PH,1729015210
526,wingham,43.8879,-81.3114,47.39,74,90,14.56,CA,1729015212
527,neftegorsk,52.802,51.166,40.78,28,96,8.25,RU,1729015213
528,karratha,-20.7377,116.8463,78.82,34,62,15.43,AU,1729015214
529,seaford,50.7714,0.1027,60.69,89,100,7.0,GB,1729015079
530,sumbe,-11.2061,13.8437,77.02,79,74,8.86,AO,1729015216
531,gediz,39.0417,29.41,60.21,33,39,6.4,TR,1729015217
532,nadym,65.5333,72.5167,32.09,87,100,3.11,RU,1729015218
533,tchintabaraden,15.8969,5.7985,96.04,14,33,7.18,NE,1729015219
534,hola,51.5377,23.1902,48.49,83,100,5.48,PL,1729015220
535,kendari,-3.945,122.4989,74.43,95,97,2.51,ID,1729015221
536,antsiranana,-12.2787,49.2917,74.53,85,32,8.43,MG,1729015222
537,northam,51.0333,-4.2167,60.62,94,100,20.98,GB,1729015224
538,carry-le-rouet,43.3314,5.1524,71.38,73,0,11.5,FR,1729015225
539,leiyang,26.4024,112.8591,68.09,98,95,2.39,CN,1729015226
540,buchach,49.0625,25.388,43.74,88,94,7.63,UA,1729015227
541,urucurituba,-2.6833,-57.6667,105.46,18,70,5.26,BR,1729015228
542,beau vallon,-20.4189,57.6953,71.83,88,40,3.44,MU,1729015229
543,ban su-ngai pa di,6.0724,101.8717,74.77,95,99,2.46,TH,1729015231
544,stung treng,13.5259,105.9683,74.25,99,100,4.27,KH,1729015232
545,mount gambier,-37.8333,140.7667,57.15,80,41,6.58,AU,1729015233
546,benguela,-12.5763,13.4055,76.64,76,75,8.21,AO,1729015234
547,callao,-12.0667,-77.15,66.49,77,100,8.05,PE,1729015235
548,obo,5.3998,26.4869,71.19,94,100,3.02,CF,1729015236
549,rio grande,-32.035,-52.0986,68.25,88,100,12.77,BR,1729015010
550,kyaikkami,16.08,97.5675,83.66,75,100,3.98,MM,1729015241
551,port macquarie,-31.4333,152.9167,59.07,84,96,4.0,AU,1729015242
552,edd,13.9297,41.6925,87.96,69,38,3.18,ER,1729015243
553,shirvan,39.9509,48.8994,63.7,68,100,8.59,AZ,1729015244
554,al ghayzah,16.2079,52.176,80.24,81,25,8.1,YE,1729015090
555,twon-brass,4.3151,6.2418,79.43,81,62,9.91,NG,1729015246
556,luwingu,-10.2621,29.9271,69.4,70,98,1.9,ZM,1729015247
557,las tablas,7.7667,-80.2833,81.18,99,94,5.77,PA,1729015248
558,yanliang,34.6592,109.2292,67.41,50,0,10.22,CN,1729015249
559,kisii,-0.6817,34.7667,61.61,86,92,4.43,KE,1729015210
560,warmbad,-28.45,18.7333,80.56,18,50,20.65,NA,1729015251
561,pacific grove,36.6177,-121.9166,62.67,91,40,7.0,US,1729015253
562,canutama,-6.5339,-64.3831,101.5,26,30,2.1,BR,1729015254
563,arteche,12.2645,125.4048,78.28,88,100,1.14,PH,1729015255
564,worbis,51.4167,10.3667,48.34,81,89,10.56,DE,1729015257
565,ulladulla,-35.35,150.4667,49.23,75,99,5.35,AU,1729015258
566,salekhard,66.53,66.6019,27.41,97,98,3.62,RU,1729015259
567,kavieng,-2.5744,150.7967,80.85,80,100,13.8,PG,1729015260
568,edson,53.5835,-116.4356,42.94,81,100,9.22,CA,1729015262
569,brookings,44.3114,-96.7984,46.18,66,0,8.1,US,1729015010
570,madimba,-10.4,40.3333,78.12,78,20,3.44,TZ,1729015264
571,san julian,21.0167,-102.1667,72.3,37,1,2.04,MX,1729015017
